"Reference","Value","Footprint","Datasheet","JLCPCB Part #"
"C101","1n","Capacitor_SMD:C_0603_1608Metric","","C1588"
"C102","1n","Capacitor_SMD:C_0603_1608Metric","","C1588"
"C103","1n","Capacitor_SMD:C_0603_1608Metric","","C1588"
"C104","1n","Capacitor_SMD:C_0603_1608Metric","","C1588"
"C105","10n","Capacitor_SMD:C_0603_1608Metric","","C57112"
"C106","100n","Capacitor_SMD:C_0603_1608Metric","","C14663"
"C107","100n","Capacitor_SMD:C_0603_1608Metric","","C14663"
"C108","10n","Capacitor_SMD:C_0603_1608Metric","","C57112"
"C201","330u","Capacitor_THT:CP_Radial_D8.0mm_P3.50mm","","C109394"
"C202","100n","Capacitor_SMD:C_0603_1608Metric","","C14663"
"C203","22u","Capacitor_Tantalum_SMD:CP_EIA-3528-15_AVX-H","","C8020"
"C204","22u","Capacitor_Tantalum_SMD:CP_EIA-3528-15_AVX-H","","C8020"
"C205","10u","Capacitor_SMD:C_0603_1608Metric","","C96446"
"C206","10u","Capacitor_SMD:C_0603_1608Metric","","C96446"
"C207","10n","Capacitor_SMD:C_0603_1608Metric","","C57112"
"C208","1n","Capacitor_SMD:C_0603_1608Metric","","C1588"
"C209","10n","Capacitor_SMD:C_0603_1608Metric","","C57112"
"C210","6p8","Capacitor_SMD:C_0603_1608Metric","","C1679"
"C211","2n7","Capacitor_SMD:C_0603_1608Metric","","C1609"
"C212","2n7","Capacitor_SMD:C_0603_1608Metric","","C1609"
"C213","100n","Capacitor_SMD:C_0603_1608Metric","","C14663"
"C214","10u","Capacitor_SMD:C_0603_1608Metric","","C96446"
"C215","10u","Capacitor_SMD:C_0603_1608Metric","","C96446"
"C301","10p","Capacitor_SMD:C_0603_1608Metric","","C1634"
"C302","100n","Capacitor_SMD:C_0603_1608Metric","","C14663"
"C303","10p","Capacitor_SMD:C_0603_1608Metric","","C1634"
"C304","10u","Capacitor_SMD:C_0603_1608Metric","","C96446"
"C305","100n","Capacitor_SMD:C_0603_1608Metric","","C14663"
"C306","100n","Capacitor_SMD:C_0603_1608Metric","","C14663"
"C307","100n","Capacitor_SMD:C_0603_1608Metric","","C14663"
"C308","100n","Capacitor_SMD:C_0603_1608Metric","","C14663"
"D101","Status","LED_SMD:LED_0805_2012Metric","","C2296"
"D201","SMAJ15CA","Diode_SMD:D_SMA",""," C19077536 "
"D202","5V6","Diode_SMD:D_MiniMELF","","C19077402"
"D203","Power","LED_SMD:LED_0805_2012Metric","","C2297"
"D204","SS34","Diode_SMD:D_SMA","","C8678"
"D501","SS34","Diode_SMD:D_SMA","","C8678"
"D601","SS34","Diode_SMD:D_SMA","","C8678"
"D701","SS34","Diode_SMD:D_SMA","","C8678"
"D801","SS34","Diode_SMD:D_SMA","","C8678"
"D901","SS34","Diode_SMD:D_SMA","","C8678"
"F201","BSMD0805-035","Fuse:Fuse_0805_2012Metric","","C883107"
"H101","MountingHole_Pad","MountingHole:MountingHole_4mm_Pad_Via","",""
"H102","MountingHole_Pad","MountingHole:MountingHole_4mm_Pad_Via","",""
"H103","MountingHole_Pad","MountingHole:MountingHole_4mm_Pad_Via","",""
"H104","MountingHole_Pad","MountingHole:MountingHole_4mm_Pad_Via","",""
"J101","JST_VH_B4P","Connector_JST:JST_VH_B4P-VH_1x04_P3.96mm_Vertical","","C493148"
"J301","TC2030-MCP-NL","Connector:Tag-Connect_TC2030-IDC-NL_2x03_P1.27mm_Vertical","http://ww1.microchip.com/downloads/en/DeviceDoc/TC2030-MCP-NL_PCB_Footprint_RevD.pdf",""
"J302","PinHeader_01x05","Connector_PinHeader_2.54mm:PinHeader_1x05_P2.54mm_Vertical","","C6332198"
"J401","JST_B13P_SHF_1AA","ProjectLibrary:JST_NH_B13P-SHF-1AA_1x13_P2.50mm_Vertical","","C160368"
"J501","JST_B11P_SHF_1AA","ProjectLibrary:JST_NH_B11P-SHF-1AA_1x11_P2.50mm_Vertical","","C160366"
"J601","JST_B11P_SHF_1AA","ProjectLibrary:JST_NH_B11P-SHF-1AA_1x11_P2.50mm_Vertical","","C160366"
"J701","JST_B11P_SHF_1AA","ProjectLibrary:JST_NH_B11P-SHF-1AA_1x11_P2.50mm_Vertical","","C160366"
"J801","JST_B11P_SHF_1AA","ProjectLibrary:JST_NH_B11P-SHF-1AA_1x11_P2.50mm_Vertical","","C160366"
"J901","JST_B11P_SHF_1AA","ProjectLibrary:JST_NH_B11P-SHF-1AA_1x11_P2.50mm_Vertical","","C160366"
"L201","100R","Resistor_SMD:R_0805_2012Metric","","C1015"
"L202","22u","Inductor_SMD:L_Taiyo-Yuden_NR-50xx","","C68434"
"Q201","AOD409","Package_TO_SOT_SMD:TO-252-3_TabPin2","https://datasheet.lcsc.com/lcsc/1811091710_Alpha---Omega-Semicon-AOD409_C36220.pdf","C36220"
"Q501","ZXMS6004FFTA","ProjectLibrary:SOT23F","https://datasheet.lcsc.com/lcsc/2005131032_Diodes-Incorporated-ZXMS6004FFTA_C95063.pdf","C95063"
"Q601","ZXMS6004FFTA","ProjectLibrary:SOT23F","https://datasheet.lcsc.com/lcsc/2005131032_Diodes-Incorporated-ZXMS6004FFTA_C95063.pdf","C95063"
"Q701","ZXMS6004FFTA","ProjectLibrary:SOT23F","https://datasheet.lcsc.com/lcsc/2005131032_Diodes-Incorporated-ZXMS6004FFTA_C95063.pdf","C95063"
"Q801","ZXMS6004FFTA","ProjectLibrary:SOT23F","https://datasheet.lcsc.com/lcsc/2005131032_Diodes-Incorporated-ZXMS6004FFTA_C95063.pdf","C95063"
"Q901","ZXMS6004FFTA","ProjectLibrary:SOT23F","https://datasheet.lcsc.com/lcsc/2005131032_Diodes-Incorporated-ZXMS6004FFTA_C95063.pdf","C95063"
"R101","1k","Resistor_SMD:R_0603_1608Metric","","C21190"
"R102","150R","Resistor_SMD:R_0603_1608Metric","","C22808"
"R103","150R","Resistor_SMD:R_0603_1608Metric","","C22808"
"R104","150R","Resistor_SMD:R_0603_1608Metric","","C22808"
"R105","150R","Resistor_SMD:R_0603_1608Metric","","C22808"
"R106","10k","Resistor_SMD:R_0603_1608Metric","","C25804"
"R107","10k","Resistor_SMD:R_0603_1608Metric","","C25804"
"R108","10k","Resistor_SMD:R_0603_1608Metric","","C25804"
"R109","10k","Resistor_SMD:R_0603_1608Metric","","C25804"
"R201","10k","Resistor_SMD:R_0603_1608Metric","","C25804"
"R202","1k","Resistor_SMD:R_0603_1608Metric","","C21190"
"R203","10k","Resistor_SMD:R_0603_1608Metric","","C25804"
"R204","100k","Resistor_SMD:R_0603_1608Metric","","C25803"
"R205","10k","Resistor_SMD:R_0603_1608Metric","","C25804"
"R206","10k","Resistor_SMD:R_0603_1608Metric","","C25804"
"R207","6k8","Resistor_SMD:R_0603_1608Metric","","C23212"
"R208","10k","Resistor_SMD:R_0603_1608Metric","","C25804"
"R209","150R","Resistor_SMD:R_0603_1608Metric","","C22808"
"R210","1k8","Resistor_SMD:R_0603_1608Metric","","C4177"
"R301","10k","Resistor_SMD:R_0603_1608Metric","","C25804"
"R302","NC","Resistor_SMD:R_0603_1608Metric","",""
"R303","47R","Resistor_SMD:R_0603_1608Metric","","C23182"
"R304","150R","Resistor_SMD:R_0603_1608Metric","","C22808"
"R305","150R","Resistor_SMD:R_0603_1608Metric","","C22808"
"R306","150R","Resistor_SMD:R_0603_1608Metric","","C22808"
"R401","330R","Resistor_SMD:R_0603_1608Metric","","C23138"
"R402","330R","Resistor_SMD:R_0603_1608Metric","","C23138"
"R403","330R","Resistor_SMD:R_0603_1608Metric","","C23138"
"R404","330R","Resistor_SMD:R_0603_1608Metric","","C23138"
"R405","330R","Resistor_SMD:R_0603_1608Metric","","C23138"
"R406","150R","Resistor_SMD:R_0603_1608Metric","","C22808"
"R407","150R","Resistor_SMD:R_0603_1608Metric","","C22808"
"R408","150R","Resistor_SMD:R_0603_1608Metric","","C22808"
"R409","150R","Resistor_SMD:R_0603_1608Metric","","C22808"
"R410","150R","Resistor_SMD:R_0603_1608Metric","","C22808"
"R411","150R","Resistor_SMD:R_0603_1608Metric","","C22808"
"R412","10k","Resistor_SMD:R_0603_1608Metric","","C25804"
"R413","10k","Resistor_SMD:R_0603_1608Metric","","C25804"
"R414","10k","Resistor_SMD:R_0603_1608Metric","","C25804"
"R415","10k","Resistor_SMD:R_0603_1608Metric","","C25804"
"R416","10k","Resistor_SMD:R_0603_1608Metric","","C25804"
"R417","10k","Resistor_SMD:R_0603_1608Metric","","C25804"
"R501","10k","Resistor_SMD:R_0603_1608Metric","","C25804"
"R502","10k","Resistor_SMD:R_0603_1608Metric","","C25804"
"R503","10k","Resistor_SMD:R_0603_1608Metric","","C25804"
"R504","10k","Resistor_SMD:R_0603_1608Metric","","C25804"
"R505","150R","Resistor_SMD:R_0603_1608Metric","","C22808"
"R506","150R","Resistor_SMD:R_0603_1608Metric","","C22808"
"R507","150R","Resistor_SMD:R_0603_1608Metric","","C22808"
"R508","150R","Resistor_SMD:R_0603_1608Metric","","C22808"
"R509","0R","Resistor_SMD:R_0603_1608Metric","","C21189"
"R510","10k","Resistor_SMD:R_0603_1608Metric","","C25804"
"R601","10k","Resistor_SMD:R_0603_1608Metric","","C25804"
"R602","10k","Resistor_SMD:R_0603_1608Metric","","C25804"
"R603","10k","Resistor_SMD:R_0603_1608Metric","","C25804"
"R604","10k","Resistor_SMD:R_0603_1608Metric","","C25804"
"R605","150R","Resistor_SMD:R_0603_1608Metric","","C22808"
"R606","150R","Resistor_SMD:R_0603_1608Metric","","C22808"
"R607","150R","Resistor_SMD:R_0603_1608Metric","","C22808"
"R608","150R","Resistor_SMD:R_0603_1608Metric","","C22808"
"R609","0R","Resistor_SMD:R_0603_1608Metric","","C21189"
"R610","10k","Resistor_SMD:R_0603_1608Metric","","C25804"
"R701","10k","Resistor_SMD:R_0603_1608Metric","","C25804"
"R702","10k","Resistor_SMD:R_0603_1608Metric","","C25804"
"R703","10k","Resistor_SMD:R_0603_1608Metric","","C25804"
"R704","10k","Resistor_SMD:R_0603_1608Metric","","C25804"
"R705","150R","Resistor_SMD:R_0603_1608Metric","","C22808"
"R706","150R","Resistor_SMD:R_0603_1608Metric","","C22808"
"R707","150R","Resistor_SMD:R_0603_1608Metric","","C22808"
"R708","150R","Resistor_SMD:R_0603_1608Metric","","C22808"
"R709","0R","Resistor_SMD:R_0603_1608Metric","","C21189"
"R710","10k","Resistor_SMD:R_0603_1608Metric","","C25804"
"R801","10k","Resistor_SMD:R_0603_1608Metric","","C25804"
"R802","10k","Resistor_SMD:R_0603_1608Metric","","C25804"
"R803","10k","Resistor_SMD:R_0603_1608Metric","","C25804"
"R804","10k","Resistor_SMD:R_0603_1608Metric","","C25804"
"R805","150R","Resistor_SMD:R_0603_1608Metric","","C22808"
"R806","150R","Resistor_SMD:R_0603_1608Metric","","C22808"
"R807","150R","Resistor_SMD:R_0603_1608Metric","","C22808"
"R808","150R","Resistor_SMD:R_0603_1608Metric","","C22808"
"R809","0R","Resistor_SMD:R_0603_1608Metric","","C21189"
"R810","10k","Resistor_SMD:R_0603_1608Metric","","C25804"
"R901","10k","Resistor_SMD:R_0603_1608Metric","","C25804"
"R902","10k","Resistor_SMD:R_0603_1608Metric","","C25804"
"R903","10k","Resistor_SMD:R_0603_1608Metric","","C25804"
"R904","10k","Resistor_SMD:R_0603_1608Metric","","C25804"
"R905","150R","Resistor_SMD:R_0603_1608Metric","","C22808"
"R906","150R","Resistor_SMD:R_0603_1608Metric","","C22808"
"R907","150R","Resistor_SMD:R_0603_1608Metric","","C22808"
"R908","150R","Resistor_SMD:R_0603_1608Metric","","C22808"
"R909","0R","Resistor_SMD:R_0603_1608Metric","","C21189"
"R910","10k","Resistor_SMD:R_0603_1608Metric","","C25804"
"SW101","SW_DIP_x04","Button_Switch_THT:SW_DIP_SPSTx04_Slide_9.78x12.34mm_W7.62mm_P2.54mm","","C692502"
"TP201","TestPoint_Small","TestPoint:TestPoint_Pad_D1.0mm","",""
"TP202","TestPoint_Small","TestPoint:TestPoint_Pad_D1.0mm","",""
"TP203","TestPoint_Small","TestPoint:TestPoint_Pad_D1.0mm","",""
"TP204","TestPoint_Small","TestPoint:TestPoint_Pad_D1.0mm","",""
"U101","74HC595-Q100","Package_SO:SO-16_3.9x9.9mm_P1.27mm","http://www.ti.com/lit/ds/symlink/sn74hc595.pdf","C5947"
"U102","74HC595","Package_SO:SO-16_3.9x9.9mm_P1.27mm","http://www.ti.com/lit/ds/symlink/sn74hc595.pdf","C5947"
"U103","SRV05-4","Package_TO_SOT_SMD:SOT-23-6","http://www.onsemi.com/pub/Collateral/SRV05-4-D.PDF","C85364"
"U201","AMS1117-3.3","Package_TO_SOT_SMD:SOT-223-3_TabPin2","http://www.advanced-monolithic.com/pdf/ds1117.pdf","C6186"
"U202","TPS54331","Package_SO:SOIC-8_3.9x4.9mm_P1.27mm","https://www.ti.com/lit/ds/symlink/tps54331.pdf","C9865"
"U301","STM32F030C8Tx","Package_QFP:LQFP-48_7x7mm_P0.5mm","http://www.st.com/st-web-ui/static/active/en/resource/technical/document/datasheet/DM00088500.pdf","C23922"
"U302","SRV05-4","Package_TO_SOT_SMD:SOT-23-6","http://www.onsemi.com/pub/Collateral/SRV05-4-D.PDF","C85364"
"U401","EL357N(C)(TA)-G","Package_SO:SO-4_4.4x3.6mm_P2.54mm","https://datasheet.lcsc.com/lcsc/1810271030_Everlight-Elec-EL357N-C-TA-G_C29981.pdf","C42432283"
"U402","EL357N(C)(TA)-G","Package_SO:SO-4_4.4x3.6mm_P2.54mm","https://datasheet.lcsc.com/lcsc/1810271030_Everlight-Elec-EL357N-C-TA-G_C29981.pdf","C42432283"
"U403","EL357N(C)(TA)-G","Package_SO:SO-4_4.4x3.6mm_P2.54mm","https://datasheet.lcsc.com/lcsc/1810271030_Everlight-Elec-EL357N-C-TA-G_C29981.pdf","C42432283"
"U404","EL357N(C)(TA)-G","Package_SO:SO-4_4.4x3.6mm_P2.54mm","https://datasheet.lcsc.com/lcsc/1810271030_Everlight-Elec-EL357N-C-TA-G_C29981.pdf","C42432283"
"U405","EL357N(C)(TA)-G","Package_SO:SO-4_4.4x3.6mm_P2.54mm","https://datasheet.lcsc.com/lcsc/1810271030_Everlight-Elec-EL357N-C-TA-G_C29981.pdf","C42432283"
"U406","SRV05-4","Package_TO_SOT_SMD:SOT-23-6","http://www.onsemi.com/pub/Collateral/SRV05-4-D.PDF","C85364"
"U407","SRV05-4","Package_TO_SOT_SMD:SOT-23-6","http://www.onsemi.com/pub/Collateral/SRV05-4-D.PDF","C85364"
"U501","SRV05-4","Package_TO_SOT_SMD:SOT-23-6","http://www.onsemi.com/pub/Collateral/SRV05-4-D.PDF","C85364"
"U601","SRV05-4","Package_TO_SOT_SMD:SOT-23-6","http://www.onsemi.com/pub/Collateral/SRV05-4-D.PDF","C85364"
"U701","SRV05-4","Package_TO_SOT_SMD:SOT-23-6","http://www.onsemi.com/pub/Collateral/SRV05-4-D.PDF","C85364"
"U801","SRV05-4","Package_TO_SOT_SMD:SOT-23-6","http://www.onsemi.com/pub/Collateral/SRV05-4-D.PDF","C85364"
"U901","SRV05-4","Package_TO_SOT_SMD:SOT-23-6","http://www.onsemi.com/pub/Collateral/SRV05-4-D.PDF","C85364"
"Y301","16Mhz","Crystal:Crystal_SMD_3225-4Pin_3.2x2.5mm","","C13738"
